id,slug,url
3670016,seomoz/qless-py,https://api.github.com/repos/seomoz/qless-py
72286208,fede1024/rust-rdkafka,https://api.github.com/repos/fede1024/rust-rdkafka
33357824,xwiki-contrib/docker-xwiki,https://api.github.com/repos/xwiki-contrib/docker-xwiki
10420480,suitcss/base,https://api.github.com/repos/suitcss/base
1049088,openscad/openscad,https://api.github.com/repos/openscad/openscad
1049088,openscad,https://github.com/openscad/openscad
16187904,MihailDev/yii2-elfinder,https://api.github.com/repos/MihailDev/yii2-elfinder
35980544,sul-dlss/library_hours_rails,https://api.github.com/repos/sul-dlss/library_hours_rails
16909824,KanoComputing/kano-repository-manager,https://api.github.com/repos/KanoComputing/kano-repository-manager
17237760,SamSaffron/graphite_docker,https://api.github.com/repos/SamSaffron/graphite_docker
1574656,bnoguchi/everyauth,https://api.github.com/repos/bnoguchi/everyauth
1574656,everyauth,https://github.com/bnoguchi/everyauth
70322176,Julien-Mialon/StormCrossLocalization,https://api.github.com/repos/Julien-Mialon/StormCrossLocalization
20121600,zoonooz/ZFDragableModalTransition,https://api.github.com/repos/zoonooz/ZFDragableModalTransition
61802496,kaltura/clients-generator,https://api.github.com/repos/kaltura/clients-generator
29231104,bazzilic/PaillierExt,https://api.github.com/repos/bazzilic/PaillierExt
29559040,EuroPython/epcon,https://api.github.com/repos/EuroPython/epcon
43584000,sheamunion/sheamunion.github.io,https://api.github.com/repos/sheamunion/sheamunion.github.io
4983552,hoytech/String-Compare-ConstantTime,https://api.github.com/repos/hoytech/String-Compare-ConstantTime
21695488,JayVora-SerpentCS/MassEditing,https://api.github.com/repos/JayVora-SerpentCS/MassEditing
34606336,jbub/ghostwriter,https://api.github.com/repos/jbub/ghostwriter
34344448,heroku/shaas,https://api.github.com/repos/heroku/shaas
27921920,maxeler/maxpower,https://api.github.com/repos/maxeler/maxpower
62590464,chrys87/fenrir,https://api.github.com/repos/chrys87/fenrir
12848640,paulgb/runipy,https://api.github.com/repos/paulgb/runipy
14421504,damphyr/gaudi,https://api.github.com/repos/damphyr/gaudi
23138048,rjchauhan/RJGallery-for-OctoberCMS,https://api.github.com/repos/rjchauhan/RJGallery-for-OctoberCMS
56234240,tlamer/teres,https://api.github.com/repos/tlamer/teres
1184256,thwpike/foldingathome,https://api.github.com/repos/thwpike/foldingathome
56889856,carols10cents/zopfli,https://api.github.com/repos/carols10cents/zopfli
20255488,TYPO3-Documentation/TYPO3CMS-Book-ExtbaseFluid,https://api.github.com/repos/TYPO3-Documentation/TYPO3CMS-Book-ExtbaseFluid
65803008,conda-forge/slackclient-feedstock,https://api.github.com/repos/conda-forge/slackclient-feedstock
20452352,enmiller/ENMBadgedBarButtonItem-Swift,https://api.github.com/repos/enmiller/ENMBadgedBarButtonItem-Swift
18814208,rdkit/conda-rdkit,https://api.github.com/repos/rdkit/conda-rdkit
10687744,gooddata/gooddata-http-client,https://api.github.com/repos/gooddata/gooddata-http-client
33691392,tedconf/js-crushinator-helpers,https://api.github.com/repos/tedconf/js-crushinator-helpers
923648,burtlo/yard-cucumber,https://api.github.com/repos/burtlo/yard-cucumber
23336960,callmez/yii2-wechat-sdk,https://api.github.com/repos/callmez/yii2-wechat-sdk
43194368,Acellera/htmd,https://api.github.com/repos/Acellera/htmd
15341824,mailjet/mailjet-apiv3-java,https://api.github.com/repos/mailjet/mailjet-apiv3-java
43457024,pulibrary/pulbot,https://api.github.com/repos/pulibrary/pulbot
46144000,learnyouanelm/learnyouanelm.github.io,https://api.github.com/repos/learnyouanelm/learnyouanelm.github.io
18946816,szymach/c-pchart,https://api.github.com/repos/szymach/c-pchart
1055744,jgm/pandoc-types,https://api.github.com/repos/jgm/pandoc-types
37952512,NCAR/mizuRoute,https://api.github.com/repos/NCAR/mizuRoute
1252864,nelhage/reptyr,https://api.github.com/repos/nelhage/reptyr
24256000,idank/bashlex,https://api.github.com/repos/idank/bashlex
65150464,mhardcastle/ddf-pipeline,https://api.github.com/repos/mhardcastle/ddf-pipeline
50536192,inaka/katana-test,https://api.github.com/repos/inaka/katana-test
57876224,megahertz/electron-log,https://api.github.com/repos/megahertz/electron-log
25829120,tdwg/dwc,https://api.github.com/repos/tdwg/dwc
16195328,vdudouyt/minipro,https://api.github.com/repos/vdudouyt/minipro
33628160,zonyitoo/bson-rs,https://api.github.com/repos/zonyitoo/bson-rs
12525568,onovotny/Zeroconf,https://api.github.com/repos/onovotny/Zeroconf
57287168,ccnmtl/makefiles,https://api.github.com/repos/ccnmtl/makefiles
1319936,kazuho/picojson,https://api.github.com/repos/kazuho/picojson
1319936,picojson,https://github.com/kazuho/picojson
19407872,steipete/Aspects,https://api.github.com/repos/steipete/Aspects
5710848,TelescopeJS/Telescope,https://api.github.com/repos/TelescopeJS/Telescope
10888192,d3/d3-geo-projection,https://api.github.com/repos/d3/d3-geo-projection
46736384,saltstack-formulas/letsencrypt-formula,https://api.github.com/repos/saltstack-formulas/letsencrypt-formula
42149120,thoughtbot/paperclip-i18n,https://api.github.com/repos/thoughtbot/paperclip-i18n
53946112,Kinto/kinto-emailer,https://api.github.com/repos/Kinto/kinto-emailer
49358592,conda-forge/matplotlib-feedstock,https://api.github.com/repos/conda-forge/matplotlib-feedstock
4597760,pentaho/pentaho-platform,https://api.github.com/repos/pentaho/pentaho-platform
46409728,bigretromike/nakamori,https://api.github.com/repos/bigretromike/nakamori
66856960,gluon-lang/try_gluon,https://api.github.com/repos/gluon-lang/try_gluon
67709184,terraref/extractors-environmental,https://api.github.com/repos/terraref/extractors-environmental
34351616,cloudify-cosmo/cloudify-agent,https://api.github.com/repos/cloudify-cosmo/cloudify-agent
22358528,datacenter/acitoolkit,https://api.github.com/repos/datacenter/acitoolkit
57289216,joshuaclayton/unused,https://api.github.com/repos/joshuaclayton/unused
9185792,ecomfe/echarts,https://api.github.com/repos/ecomfe/echarts
43461120,learn-co-students/rspec-fizzbuzz-q-000,https://api.github.com/repos/learn-co-students/rspec-fizzbuzz-q-000
45689344,KraigM/homebridge-nest,https://api.github.com/repos/KraigM/homebridge-nest
47852032,gearvrf/GearVRf-Demos,https://api.github.com/repos/gearvrf/GearVRf-Demos
6695680,nprapps/app-template,https://api.github.com/repos/nprapps/app-template
54144256,Regalis11/scpcb,https://api.github.com/repos/Regalis11/scpcb
6761984,IATI/IATI-Schemas,https://api.github.com/repos/IATI/IATI-Schemas
41233920,HannahMitt/HomeMirror,https://api.github.com/repos/HannahMitt/HomeMirror
10956288,MinecraftForge/Installer,https://api.github.com/repos/MinecraftForge/Installer
2240256,TeenQuotes/website,https://api.github.com/repos/TeenQuotes/website
4206592,mperrin/webbpsf,https://api.github.com/repos/mperrin/webbpsf
39137536,Decentrify/GVoD,https://api.github.com/repos/Decentrify/GVoD
18429184,sitepoint/discourse-theme,https://api.github.com/repos/sitepoint/discourse-theme
18626048,shoutv/L10N,https://api.github.com/repos/shoutv/L10N
69809664,TheJosephStorehouse/VIMS,https://api.github.com/repos/TheJosephStorehouse/VIMS
734976,katzgrau/KLogger,https://api.github.com/repos/katzgrau/KLogger
55719680,mapbox/geometry.hpp,https://api.github.com/repos/mapbox/geometry.hpp
60372736,videojs/m3u8-parser,https://api.github.com/repos/videojs/m3u8-parser
42481664,ng-bootstrap/ng-bootstrap,https://api.github.com/repos/ng-bootstrap/ng-bootstrap
65615872,opentrv/OpenTRV-Arduino-V0p2,https://api.github.com/repos/opentrv/OpenTRV-Arduino-V0p2
604416,scala-ide/scalariform,https://api.github.com/repos/scala-ide/scalariform
604416,scalariform,https://github.com/mdr/scalariform
2439424,data-engineering,https://github.com/lschallenges/data-engineering
37173504,d3/d3-interpolate,https://api.github.com/repos/d3/d3-interpolate
21444864,SnowflakePowered/snowflake,https://api.github.com/repos/SnowflakePowered/snowflake
5060864,osterman/copyright-header,https://api.github.com/repos/osterman/copyright-header
5060864,copyright-header,https://github.com/osterman/copyright-header
4012544,yeoman,https://github.com/yeoman/yeoman
50543360,jitsi/lib-jitsi-meet,https://api.github.com/repos/jitsi/lib-jitsi-meet
3816192,stefanofontanelli/ColanderAlchemy,https://api.github.com/repos/stefanofontanelli/ColanderAlchemy
3816192,ColanderAlchemy,https://github.com/stefanofontanelli/ColanderAlchemy
23542528,AtomLinter/linter-harbour,https://api.github.com/repos/AtomLinter/linter-harbour
8272640,kvesteri/sqlalchemy-utils,https://api.github.com/repos/kvesteri/sqlalchemy-utils
49756928,cosullivan/SmtpServer,https://api.github.com/repos/cosullivan/SmtpServer
23673856,gfjardim/docker-containers,https://api.github.com/repos/gfjardim/docker-containers
42482688,uw-it-aca/uw-canvas-statics,https://api.github.com/repos/uw-it-aca/uw-canvas-statics
34422016,lpil/mix-test.watch,https://api.github.com/repos/lpil/mix-test.watch
23149824,aerogear/aerogear-ios-http,https://api.github.com/repos/aerogear/aerogear-ios-http
25312512,logstash-plugins/logstash-input-unix,https://api.github.com/repos/logstash-plugins/logstash-input-unix
69746176,noffle/art-of-readme,https://api.github.com/repos/noffle/art-of-readme
41500416,osisoft/Qi-Docs,https://api.github.com/repos/osisoft/Qi-Docs
25640704,IvyApp/ivy-tabs,https://api.github.com/repos/IvyApp/ivy-tabs
213248,fakefs,https://github.com/defunkt/fakefs
213248,fakefs/fakefs,https://api.github.com/repos/fakefs/fakefs
213248,defunkt/fakefs,https://api.github.com/repos/defunkt/fakefs
30425344,c9/c9.ide.run.debug,https://api.github.com/repos/c9/c9.ide.run.debug
15614208,dyng/ctrlsf.vim,https://api.github.com/repos/dyng/ctrlsf.vim
17777152,super3/peercoin.net,https://api.github.com/repos/super3/peercoin.net
15614464,sillsdev/libpalaso,https://api.github.com/repos/sillsdev/libpalaso
56574720,tripviss/docker-varnish,https://api.github.com/repos/tripviss/docker-varnish
60113664,SoftwareDefinedBuildings/bw2-contrib,https://api.github.com/repos/SoftwareDefinedBuildings/bw2-contrib
63652864,MagicStack/asyncpg,https://api.github.com/repos/MagicStack/asyncpg
66340096,np-maintain/global-tunnel,https://api.github.com/repos/np-maintain/global-tunnel
72435200,wso2-extensions/identity-metadata-saml2,https://api.github.com/repos/wso2-extensions/identity-metadata-saml2
12731904,cjlin1/libsvm,https://api.github.com/repos/cjlin1/libsvm
16008704,ciderpunx/twitrssme,https://api.github.com/repos/ciderpunx/twitrssme
4015872,sunng87/slacker-cluster,https://api.github.com/repos/sunng87/slacker-cluster
10831616,zendesk/infusionsoft_app,https://api.github.com/repos/zendesk/infusionsoft_app
39077888,dixudx/rtcclient,https://api.github.com/repos/dixudx/rtcclient
22497280,sanemat/app-base.tachikoma.io,https://api.github.com/repos/sanemat/app-base.tachikoma.io
11159552,NREL/OpenStudio,https://api.github.com/repos/NREL/OpenStudio
55068928,sammy007/open-ethereum-pool,https://api.github.com/repos/sammy007/open-ethereum-pool
19941888,moip/moip-sdk-java,https://api.github.com/repos/moip/moip-sdk-java
40126976,pluginsGLPI/example,https://api.github.com/repos/pluginsGLPI/example
68242176,CloudCoreo/audit-aws-elb,https://api.github.com/repos/CloudCoreo/audit-aws-elb
34753280,kbrebanov/ansible-vault,https://api.github.com/repos/kbrebanov/ansible-vault
48581376,easygenerator/easygenerator-plugins,https://api.github.com/repos/easygenerator/easygenerator-plugins
15682560,fizyk/pytest_pyramid,https://api.github.com/repos/fizyk/pytest_pyramid
2641408,SwiftmailerBundle,https://github.com/symfony/SwiftmailerBundle
2641408,symfony/swiftmailer-bundle,https://api.github.com/repos/symfony/swiftmailer-bundle
44125696,OSFeels/osfeels.com-middleman,https://api.github.com/repos/OSFeels/osfeels.com-middleman
1265664,silverstripe-googleanalytics,https://github.com/silverstripe-labs/silverstripe-googleanalytics
27742208,jschneier/django-storages,https://api.github.com/repos/jschneier/django-storages
8802560,LSTS/neptus,https://api.github.com/repos/LSTS/neptus
14307584,energyos/OpenESPI-Common-java,https://api.github.com/repos/energyos/OpenESPI-Common-java
9392640,voxpupuli/puppet-windows_firewall,https://api.github.com/repos/voxpupuli/puppet-windows_firewall
12604160,pennlabs/penn-sdk-python,https://api.github.com/repos/pennlabs/penn-sdk-python
67720192,cybergreen-net/stats-new,https://api.github.com/repos/cybergreen-net/stats-new
40457216,Cacti/plugin_thold,https://api.github.com/repos/Cacti/plugin_thold
25580544,appfeel/node-pushnotifications,https://api.github.com/repos/appfeel/node-pushnotifications
9917440,pulp/nectar,https://api.github.com/repos/pulp/nectar
48846080,zibbizor/FLHook,https://api.github.com/repos/zibbizor/FLHook
67196672,screwdriver-cd/store,https://api.github.com/repos/screwdriver-cd/store
9459712,SimonWaldherr/golang-examples,https://api.github.com/repos/SimonWaldherr/golang-examples
3823872,rootpy/root_numpy,https://api.github.com/repos/rootpy/root_numpy
5134592,faylang/fay,https://api.github.com/repos/faylang/fay
5134592,fay,https://github.com/faylang/fay
2382336,ceph/ceph-build,https://api.github.com/repos/ceph/ceph-build
9853440,secure-software-engineering/DroidBench,https://api.github.com/repos/secure-software-engineering/DroidBench
20536064,edx/edx-submissions,https://api.github.com/repos/edx/edx-submissions
61299456,learn-co-students/using-to-json-ruby-wdf-000,https://api.github.com/repos/learn-co-students/using-to-json-ruby-wdf-000
14375680,miki151/keeperrl,https://api.github.com/repos/miki151/keeperrl
33578240,js-org/dns.js.org,https://api.github.com/repos/js-org/dns.js.org
22306304,hudson-taylor/hudson-taylor,https://api.github.com/repos/hudson-taylor/hudson-taylor
18308864,reactjs/express-react-views,https://api.github.com/repos/reactjs/express-react-views
4611840,bcopeland/wmediumd,https://api.github.com/repos/bcopeland/wmediumd
13065984,kt3k/coveralls-gradle-plugin,https://api.github.com/repos/kt3k/coveralls-gradle-plugin
47210240,facebook/facebook-java-ads-sdk,https://api.github.com/repos/facebook/facebook-java-ads-sdk
55533824,QualiSystems/devguide_source,https://api.github.com/repos/QualiSystems/devguide_source
221696,alexch/rerun,https://api.github.com/repos/alexch/rerun
56582656,ppy/osu-performance,https://api.github.com/repos/ppy/osu-performance
41706240,patriciajeanperez/liferay-portal,https://api.github.com/repos/patriciajeanperez/liferay-portal
42427904,childe/hangout,https://api.github.com/repos/childe/hangout
10970624,raml-org/raml-js-parser,https://api.github.com/repos/raml-org/raml-js-parser
54748928,cpaxton/costar_stack,https://api.github.com/repos/cpaxton/costar_stack
7956480,sensiolabs/security-checker,https://api.github.com/repos/sensiolabs/security-checker
63662592,softwaregroup-bg/ut-log,https://api.github.com/repos/softwaregroup-bg/ut-log
43805440,twingly/twingly-amqp,https://api.github.com/repos/twingly/twingly-amqp
52390912,JuliaCI/BenchmarkTools.jl,https://api.github.com/repos/JuliaCI/BenchmarkTools.jl
43215872,Dean177/lunch,https://api.github.com/repos/Dean177/lunch
51014912,BurdaMagazinOrg/module-fb_instant_articles,https://api.github.com/repos/BurdaMagazinOrg/module-fb_instant_articles
2452736,plone/plone.app.discussion,https://api.github.com/repos/plone/plone.app.discussion
2452736,plone.app.discussion,https://github.com/plone/plone.app.discussion
69692928,18F/handbook,https://api.github.com/repos/18F/handbook
28470784,kaloz/mwlwifi,https://api.github.com/repos/kaloz/mwlwifi
27356928,contentful/contentful_model,https://api.github.com/repos/contentful/contentful_model
18640896,mrworf/plexupdate,https://api.github.com/repos/mrworf/plexupdate
19034112,timuric/Content-generator-sketch-plugin,https://api.github.com/repos/timuric/Content-generator-sketch-plugin
72642560,tooleks/photo-blog,https://api.github.com/repos/tooleks/photo-blog
2519296,mainland/language-c-quote,https://api.github.com/repos/mainland/language-c-quote
21065984,mackee/kuiperbelt,https://api.github.com/repos/mackee/kuiperbelt
27619584,crosstool-ng/crosstool-ng,https://api.github.com/repos/crosstool-ng/crosstool-ng
11170048,olsh/Feedly-Notifier,https://api.github.com/repos/olsh/Feedly-Notifier
32469248,d-pac/estimating-rasch-model,https://api.github.com/repos/d-pac/estimating-rasch-model
2716160,frictionlessdata/specs,https://api.github.com/repos/frictionlessdata/specs
23098112,xiph/opus-tools,https://api.github.com/repos/xiph/opus-tools
76379136,DNCarroll/mace,https://api.github.com/repos/DNCarroll/mace
15954944,Ericsson/puppet-module-cron,https://api.github.com/repos/Ericsson/puppet-module-cron
18052352,azuqua/azuqua.js,https://api.github.com/repos/azuqua/azuqua.js
18183424,ClemsonRSRG/RESOLVEWebIDE-v5,https://api.github.com/repos/ClemsonRSRG/RESOLVEWebIDE-v5
2651392,Gaya/queryloader2,https://api.github.com/repos/Gaya/queryloader2
53507584,wtfblub/NetspherePirates,https://api.github.com/repos/wtfblub/NetspherePirates
9008640,srijs/rusha,https://api.github.com/repos/srijs/rusha
21460736,joshukraine/dotfiles,https://api.github.com/repos/joshukraine/dotfiles
7436032,wbraswell/rperl,https://api.github.com/repos/wbraswell/rperl
30766848,stackdio-formulas/elasticsearch-formula,https://api.github.com/repos/stackdio-formulas/elasticsearch-formula
32601856,FundingCircle/ring-request-proxy,https://api.github.com/repos/FundingCircle/ring-request-proxy
62420992,maxcanna/bicineabbiamo,https://api.github.com/repos/maxcanna/bicineabbiamo
16546304,JMAConsulting/civicrm-core,https://api.github.com/repos/JMAConsulting/civicrm-core
14187520,kbaird/Fate-XSLT,https://api.github.com/repos/kbaird/Fate-XSLT
7896320,wtsi-npg/npg_tracking,https://api.github.com/repos/wtsi-npg/npg_tracking
60128512,ACMatUC/acmatuc.github.io,https://api.github.com/repos/ACMatUC/acmatuc.github.io
23232000,Metaswitch/clearwater-nginx,https://api.github.com/repos/Metaswitch/clearwater-nginx
6586112,statamic/i18n,https://api.github.com/repos/statamic/i18n
6651648,tagman,https://github.com/UKTV/tagman
31555328,NagVis/nagvis,https://api.github.com/repos/NagVis/nagvis
1474816,faisalman/simple-excel-php,https://api.github.com/repos/faisalman/simple-excel-php
15040768,hfaran/Tornado-JSON,https://api.github.com/repos/hfaran/Tornado-JSON
17269248,vimeo/vimeo.js,https://api.github.com/repos/vimeo/vimeo.js
59998976,sohpingting/sohpingting.github.io,https://api.github.com/repos/sohpingting/sohpingting.github.io
25658368,Gizra/message_subscribe,https://api.github.com/repos/Gizra/message_subscribe
2983168,ralphbean/taskw,https://api.github.com/repos/ralphbean/taskw
2983168,taskw,https://github.com/ralphbean/taskw
20481280,maciej-gurban/responsive-bootstrap-toolkit,https://api.github.com/repos/maciej-gurban/responsive-bootstrap-toolkit
230912,chocolate-doom/chocolate-doom,https://api.github.com/repos/chocolate-doom/chocolate-doom
755200,SuaveIO/suave,https://api.github.com/repos/SuaveIO/suave
3900928,jumph4x/canonical-rails,https://api.github.com/repos/jumph4x/canonical-rails
15042048,toptal/chewy,https://api.github.com/repos/toptal/chewy
10127104,kohler/gifsicle,https://api.github.com/repos/kohler/gifsicle
13993728,tulip-control/tulip-control,https://api.github.com/repos/tulip-control/tulip-control
2000896,snaptortoise/jekyll-rss-feeds,https://api.github.com/repos/snaptortoise/jekyll-rss-feeds
36866304,goktugyil/EZLoadingActivity,https://api.github.com/repos/goktugyil/EZLoadingActivity
48466176,IOT-DSA/sdk-dslink-dotnet,https://api.github.com/repos/IOT-DSA/sdk-dslink-dotnet
16288000,red56/lofi-lions,https://api.github.com/repos/red56/lofi-lions
67341056,cloudify-cosmo/docl,https://api.github.com/repos/cloudify-cosmo/docl
20220672,yanqirenshi/upanishad,https://api.github.com/repos/yanqirenshi/upanishad
4229888,nim-lang/nimforum,https://api.github.com/repos/nim-lang/nimforum
12159744,openc/openc_bot,https://api.github.com/repos/openc/openc_bot
36736000,crossfilter/crossfilter,https://api.github.com/repos/crossfilter/crossfilter
23694336,grycap/im,https://api.github.com/repos/grycap/im
31624192,transitland/mapzen-gtfs,https://api.github.com/repos/transitland/mapzen-gtfs
15698944,kelkoo-services/mixingpanel,https://api.github.com/repos/kelkoo-services/mixingpanel
953600,wurmlab/sequenceserver,https://api.github.com/repos/wurmlab/sequenceserver
953600,sequenceserver,https://github.com/yannickwurm/sequenceserver
953600,yannickwurm/sequenceserver,https://api.github.com/repos/yannickwurm/sequenceserver
4886528,billerickson/display-posts-shortcode,https://api.github.com/repos/billerickson/display-posts-shortcode
4886528,display-posts-shortcode,https://github.com/billerickson/display-posts-shortcode
7245824,viezel/napp.alloy.adapter.restapi,https://api.github.com/repos/viezel/napp.alloy.adapter.restapi
7507968,ericclemmons/grunt-angular-templates,https://api.github.com/repos/ericclemmons/grunt-angular-templates
10653696,saltstack-formulas/samba-formula,https://api.github.com/repos/saltstack-formulas/samba-formula
44339200,bitpay/bitcore-lib,https://api.github.com/repos/bitpay/bitcore-lib
7901696,swift-nav/libswiftnav,https://api.github.com/repos/swift-nav/libswiftnav
6984704,GEMScienceTools/hmtk,https://api.github.com/repos/GEMScienceTools/hmtk
13079552,pandastrike/jsck,https://api.github.com/repos/pandastrike/jsck
31429632,gfx-rs/draw_state,https://api.github.com/repos/gfx-rs/draw_state
15242752,ngReact/ngReact,https://api.github.com/repos/ngReact/ngReact
21468928,Asana/node-asana,https://api.github.com/repos/Asana/node-asana
1415168,libgit2sharp,https://github.com/libgit2/libgit2sharp
1415168,libgit2/libgit2sharp,https://api.github.com/repos/libgit2/libgit2sharp
14981376,dogecoin/dogecoin,https://api.github.com/repos/dogecoin/dogecoin
38836736,wavefrontHQ/ruby-client,https://api.github.com/repos/wavefrontHQ/ruby-client
25467392,hounsell/BuildFeed,https://api.github.com/repos/hounsell/BuildFeed
35691264,webgilde/advanced-ads-slider,https://api.github.com/repos/webgilde/advanced-ads-slider
2988800,nuxeo/nuxeo-apidoc-server,https://api.github.com/repos/nuxeo/nuxeo-apidoc-server
37067520,diwic/alsa-rs,https://api.github.com/repos/diwic/alsa-rs
20486912,ubuntu/ubuntu-make,https://api.github.com/repos/ubuntu/ubuntu-make
5544704,spidasoftware/schema,https://api.github.com/repos/spidasoftware/schema
68852992,LCOGT/valhalla,https://api.github.com/repos/LCOGT/valhalla
4627712,caarlos0/caarlos0.github.com,https://api.github.com/repos/caarlos0/caarlos0.github.com
33988352,ministryofjustice/bootstrap-salt,https://api.github.com/repos/ministryofjustice/bootstrap-salt
8494848,syohex/emacs-helm-ag,https://api.github.com/repos/syohex/emacs-helm-ag
9281280,kaisellgren/mailer,https://api.github.com/repos/kaisellgren/mailer
17801216,org-trello/org-trello.github.io,https://api.github.com/repos/org-trello/org-trello.github.io
42705152,apache/yetus,https://api.github.com/repos/apache/yetus
12034304,workshopper/workshopper,https://api.github.com/repos/workshopper/workshopper
24158720,groupserver/buildout,https://api.github.com/repos/groupserver/buildout
42443264,dhis2/maintenance-app,https://api.github.com/repos/dhis2/maintenance-app
61448960,unional/jspm-config,https://api.github.com/repos/unional/jspm-config
25273344,Drombler/drombler-fx,https://api.github.com/repos/Drombler/drombler-fx
26649600,firstandthird/hapi-redirects,https://api.github.com/repos/firstandthird/hapi-redirects
1943040,encog-java-core,https://github.com/encog/encog-java-core
1943040,encog/encog-java-core,https://api.github.com/repos/encog/encog-java-core
36283904,PactCoffee/loggins,https://api.github.com/repos/PactCoffee/loggins
4695808,cloudflare/mod_cloudflare,https://api.github.com/repos/cloudflare/mod_cloudflare
28747520,Cotya/magento-composer-installer,https://api.github.com/repos/Cotya/magento-composer-installer
29337344,viewflow/django-material,https://api.github.com/repos/viewflow/django-material
30189312,teamed/quiz,https://api.github.com/repos/teamed/quiz
2861056,rails/jbuilder,https://api.github.com/repos/rails/jbuilder
2861056,jbuilder,https://github.com/rails/jbuilder
12756992,opencv/opencv_contrib,https://api.github.com/repos/opencv/opencv_contrib
33204480,slimphp/Slim-Csrf,https://api.github.com/repos/slimphp/Slim-Csrf
37267968,sbopkg/sbopkg,https://api.github.com/repos/sbopkg/sbopkg
7776768,salesforce-marketingcloud/FuelSDK-Ruby,https://api.github.com/repos/salesforce-marketingcloud/FuelSDK-Ruby
42576384,MicroPyramid/django-blog-it,https://api.github.com/repos/MicroPyramid/django-blog-it
26585600,jbosstm/narayana.io,https://api.github.com/repos/jbosstm/narayana.io
699392,pgdocs_fr,https://github.com/gleu/pgdocs_fr
699392,gleu/pgdocs_fr,https://api.github.com/repos/gleu/pgdocs_fr
24947968,ember-cli/ember-router-generator,https://api.github.com/repos/ember-cli/ember-router-generator
33992192,wildfish/django-star-ratings,https://api.github.com/repos/wildfish/django-star-ratings
59355392,kt3k/emoji-gen,https://api.github.com/repos/kt3k/emoji-gen
2535936,sjl/learnvimscriptthehardway,https://api.github.com/repos/sjl/learnvimscriptthehardway
2535936,learnvimscriptthehardway,https://github.com/sjl/learnvimscriptthehardway
37008384,skyderby/skyderby,https://api.github.com/repos/skyderby/skyderby
56341760,conda-forge/pygrib-feedstock,https://api.github.com/repos/conda-forge/pygrib-feedstock
13874432,internetarchive/warcprox,https://api.github.com/repos/internetarchive/warcprox
33863168,schmich/marinara,https://api.github.com/repos/schmich/marinara
6927872,ruby-amqp/rubybunny.info,https://api.github.com/repos/ruby-amqp/rubybunny.info
6927872,rubybunny.info,https://github.com/ruby-amqp/rubybunny.info
9418496,boostorg/log,https://api.github.com/repos/boostorg/log
5880320,cascading_ext,https://github.com/LiveRamp/cascading_ext
5880320,LiveRamp/cascading_ext,https://api.github.com/repos/LiveRamp/cascading_ext
40090112,saadq/Materialize,https://api.github.com/repos/saadq/Materialize
48544256,martykan/forecastie,https://api.github.com/repos/martykan/forecastie
32356864,dmlc/dmlc-core,https://api.github.com/repos/dmlc/dmlc-core
1424384,mhenke/CFML-in-100-minutes,https://api.github.com/repos/mhenke/CFML-in-100-minutes
24886272,SpiNNakerManchester/PyNNExamples,https://api.github.com/repos/SpiNNakerManchester/PyNNExamples
60406784,nextcloud/twofactor_totp,https://api.github.com/repos/nextcloud/twofactor_totp
34389248,commercetools/commercetools-sunrise-theme,https://api.github.com/repos/commercetools/commercetools-sunrise-theme
3194112,benbalter/wp-document-revisions,https://api.github.com/repos/benbalter/wp-document-revisions
53525760,ciena-blueplanet/ember-test-utils,https://api.github.com/repos/ciena-blueplanet/ember-test-utils
47430912,cquotient/nemesys,https://api.github.com/repos/cquotient/nemesys
40156928,signalfx/chef_install_configure_collectd,https://api.github.com/repos/signalfx/chef_install_configure_collectd
4964352,pyGDP,https://github.com/USGS-CIDA/pyGDP
4964352,USGS-CIDA/pyGDP,https://api.github.com/repos/USGS-CIDA/pyGDP
10272768,thias/puppet-squid3,https://api.github.com/repos/thias/puppet-squid3
4899072,b3log/symphony,https://api.github.com/repos/b3log/symphony
39108864,adzerk/adzerk-android-sdk,https://api.github.com/repos/adzerk/adzerk-android-sdk
17744384,aaronlord/laroute,https://api.github.com/repos/aaronlord/laroute
21611008,firebase/geofire-objc,https://api.github.com/repos/firebase/geofire-objc
24822528,NCI-GDC/gdcdatamodel,https://api.github.com/repos/NCI-GDC/gdcdatamodel
62374656,secfigo/Awesome-Fuzzing,https://api.github.com/repos/secfigo/Awesome-Fuzzing
31048448,rojer/a-s-minus,https://api.github.com/repos/rojer/a-s-minus
19579904,aim42/htmlSanityCheck,https://api.github.com/repos/aim42/htmlSanityCheck
5293056,freedomsponsors/www.freedomsponsors.org,https://api.github.com/repos/freedomsponsors/www.freedomsponsors.org
5293056,www.freedomsponsors.org,https://github.com/freedomsponsors/www.freedomsponsors.org
41534464,aldryn/base-project-docker,https://api.github.com/repos/aldryn/base-project-docker
43566080,codefellows/code-201-prework,https://api.github.com/repos/codefellows/code-201-prework
31572992,mmoniz/mikemoniz,https://api.github.com/repos/mmoniz/mikemoniz
49792000,Kronos-Integration/kronos-endpoint,https://api.github.com/repos/Kronos-Integration/kronos-endpoint
53069056,nfantone/mu-koan,https://api.github.com/repos/nfantone/mu-koan
36423168,scania-bootstrap/scania-angular-ui,https://api.github.com/repos/scania-bootstrap/scania-angular-ui
20891392,OCA/stock-logistics-reporting,https://api.github.com/repos/OCA/stock-logistics-reporting
64669440,learn-co-students/javascript-arithmetic-lab-js-intro-kwk,https://api.github.com/repos/learn-co-students/javascript-arithmetic-lab-js-intro-kwk
41732096,Kensuke-Mitsuzawa/JapaneseTokenizers,https://api.github.com/repos/Kensuke-Mitsuzawa/JapaneseTokenizers
50776576,eskimoblood/elm-color-extra,https://api.github.com/repos/eskimoblood/elm-color-extra
19319552,bitcoinj/bitcoinj.github.io,https://api.github.com/repos/bitcoinj/bitcoinj.github.io
24693760,smartdevicelink/sdl_server,https://api.github.com/repos/smartdevicelink/sdl_server
19975424,overlookmotel/sequelize-hierarchy,https://api.github.com/repos/overlookmotel/sequelize-hierarchy
36491008,layerhq/Atlas-Android,https://api.github.com/repos/layerhq/Atlas-Android
32624384,QuadFlask/colorpicker,https://api.github.com/repos/QuadFlask/colorpicker
18141184,lamassu/lamassu-scripts,https://api.github.com/repos/lamassu/lamassu-scripts
15323392,likeastore/ngDialog,https://api.github.com/repos/likeastore/ngDialog
22336000,Pragmatists/JUnitParams,https://api.github.com/repos/Pragmatists/JUnitParams
16568832,fedeisas/laravel-mail-css-inliner,https://api.github.com/repos/fedeisas/laravel-mail-css-inliner
5100288,mozilla/standup,https://api.github.com/repos/mozilla/standup
39899904,mcpa-stlouis/hack-the-arch,https://api.github.com/repos/mcpa-stlouis/hack-the-arch
13030144,janpaepke/ScrollMagic,https://api.github.com/repos/janpaepke/ScrollMagic
51696896,fontfamous/fontfamous.github.io,https://api.github.com/repos/fontfamous/fontfamous.github.io
21484800,amrael/opsworks_django_app,https://api.github.com/repos/amrael/opsworks_django_app
5362944,dpla/platform,https://api.github.com/repos/dpla/platform
4511744,exchangecalendar,https://github.com/1stsetup/exchangecalendar
21944320,treasure-data/KeenClient-iOS,https://api.github.com/repos/treasure-data/KeenClient-iOS
38656256,scooterpsu/scooterpsu.github.io,https://api.github.com/repos/scooterpsu/scooterpsu.github.io
9361664,Validic/validic,https://api.github.com/repos/Validic/validic
50452992,biocore/calour,https://api.github.com/repos/biocore/calour
54975232,pallets/website,https://api.github.com/repos/pallets/website
4774656,ELVIS-Project/vis-framework,https://api.github.com/repos/ELVIS-Project/vis-framework
41671680,inofix/flussbad-modules,https://api.github.com/repos/inofix/flussbad-modules
54582784,OpenMDAO/benchmark,https://api.github.com/repos/OpenMDAO/benchmark
71360000,Raiper34/awesome-phaser,https://api.github.com/repos/Raiper34/awesome-phaser
8969984,HairyFotr/linter,https://api.github.com/repos/HairyFotr/linter
253952,QuincyKit,https://github.com/TheRealKerni/QuincyKit
15393024,itamae-kitchen/itamae,https://api.github.com/repos/itamae-kitchen/itamae
5169664,rails-composer,https://github.com/RailsApps/rails-composer
10674688,akhikhl/gretty,https://api.github.com/repos/akhikhl/gretty
29614592,CIRDLES/cirdles.github.com,https://api.github.com/repos/CIRDLES/cirdles.github.com
35775232,mustafa1453/StudentsTestProject,https://api.github.com/repos/mustafa1453/StudentsTestProject
67625984,TeamWertarbyte/material-ui-chip-input,https://api.github.com/repos/TeamWertarbyte/material-ui-chip-input
22275328,google/stagehand,https://api.github.com/repos/google/stagehand
33351424,sindresorhus/wallpaper,https://api.github.com/repos/sindresorhus/wallpaper
22734848,nix-rust/nix,https://api.github.com/repos/nix-rust/nix
29419520,IonicaBizau/batjs,https://api.github.com/repos/IonicaBizau/batjs
30074880,TestInABox/stackInABox,https://api.github.com/repos/TestInABox/stackInABox
69593600,FormidableLabs/react-progressive-image,https://api.github.com/repos/FormidableLabs/react-progressive-image
46197248,BitSetsNet/BitSetsNet,https://api.github.com/repos/BitSetsNet/BitSetsNet
49015296,poldracklab/mriqc,https://api.github.com/repos/poldracklab/mriqc
49605120,librariesio/bibliothecary,https://api.github.com/repos/librariesio/bibliothecary
37546752,theirc/ServiceInfo,https://api.github.com/repos/theirc/ServiceInfo
39643904,Masterminds/vcs,https://api.github.com/repos/Masterminds/vcs
10414848,Islandora/islandora_pdfjs,https://api.github.com/repos/Islandora/islandora_pdfjs
47246080,apache/brooklyn-library,https://api.github.com/repos/apache/brooklyn-library
10808320,waffleio/waffle.io,https://api.github.com/repos/waffleio/waffle.io
44494080,schultyy/os_type,https://api.github.com/repos/schultyy/os_type
912896,ccv,https://github.com/liuliu/ccv
29158912,zooniverse/cellect_panoptes,https://api.github.com/repos/zooniverse/cellect_panoptes
32108032,gocraft/work,https://api.github.com/repos/gocraft/work
32435968,grimfang4/sdl-gpu,https://api.github.com/repos/grimfang4/sdl-gpu
63238400,findmypast/vaultex,https://api.github.com/repos/findmypast/vaultex
20902656,gracelang/minigrace,https://api.github.com/repos/gracelang/minigrace
4190976,webui-aria2,https://github.com/ziahamza/webui-aria2
4190976,ziahamza/webui-aria2,https://api.github.com/repos/ziahamza/webui-aria2
12055552,yandex-qatools/yandex-qatools.github.io,https://api.github.com/repos/yandex-qatools/yandex-qatools.github.io
46069248,NTTCom-MS/eyp-puppet,https://api.github.com/repos/NTTCom-MS/eyp-puppet
67827712,conda-forge/openmpi-feedstock,https://api.github.com/repos/conda-forge/openmpi-feedstock
69662720,mxgmn/WaveFunctionCollapse,https://api.github.com/repos/mxgmn/WaveFunctionCollapse
14612480,chukong/cocos-docs,https://api.github.com/repos/chukong/cocos-docs
34928896,MitsueIwata/SSC,https://api.github.com/repos/MitsueIwata/SSC
22608384,isubit/luggage_news,https://api.github.com/repos/isubit/luggage_news
17890048,domaframework/simple-boilerplate,https://api.github.com/repos/domaframework/simple-boilerplate
48626432,bradmartin/nativescript-floatingactionbutton,https://api.github.com/repos/bradmartin/nativescript-floatingactionbutton
62389248,scala-exercises/exercises-doobie,https://api.github.com/repos/scala-exercises/exercises-doobie
42597632,danielberkompas/cloak,https://api.github.com/repos/danielberkompas/cloak
10026240,observing/fullcontact,https://api.github.com/repos/observing/fullcontact
61406464,vuejs/babel-plugin-transform-vue-jsx,https://api.github.com/repos/vuejs/babel-plugin-transform-vue-jsx
16383232,hackergarten/hackergarten.github.io,https://api.github.com/repos/hackergarten/hackergarten.github.io
41156096,elliotttf/jsonapi-linker,https://api.github.com/repos/elliotttf/jsonapi-linker
23920384,cgkineo/adapt-hotgrid,https://api.github.com/repos/cgkineo/adapt-hotgrid
17956865,ev3dev/brickstrap,https://api.github.com/repos/ev3dev/brickstrap
1900545,insanehunter/XCode4_beginning_of_line,https://api.github.com/repos/insanehunter/XCode4_beginning_of_line
70123521,EST-Team-Adam/TheReadingMachine,https://api.github.com/repos/EST-Team-Adam/TheReadingMachine
43647233,7blink/blog,https://api.github.com/repos/7blink/blog
59441665,DetroitJS/detroitjs-com,https://api.github.com/repos/DetroitJS/detroitjs-com
41222913,maxs15/react-native-spinkit,https://api.github.com/repos/maxs15/react-native-spinkit
9896961,dbrgn/RPLCD,https://api.github.com/repos/dbrgn/RPLCD
25691393,fspinillo/slackfred,https://api.github.com/repos/fspinillo/slackfred
3147265,RobLoach/plugin.video.jupiterbroadcasting,https://api.github.com/repos/RobLoach/plugin.video.jupiterbroadcasting
2819841,hicapacity/hicapacity-site,https://api.github.com/repos/hicapacity/hicapacity-site
15730433,featdd/dpn_glossary,https://api.github.com/repos/featdd/dpn_glossary
50595841,mozilla/releasehealth,https://api.github.com/repos/mozilla/releasehealth
19532801,ska-sa/owlcat,https://api.github.com/repos/ska-sa/owlcat
50597377,Axiacore/mission-control-dashboard,https://api.github.com/repos/Axiacore/mission-control-dashboard
25693697,ros-drivers/novatel_span_driver,https://api.github.com/repos/ros-drivers/novatel_span_driver
29101825,brianmhunt/knockout-fast-foreach,https://api.github.com/repos/brianmhunt/knockout-fast-foreach
28774401,Freifunk-Troisdorf/site,https://api.github.com/repos/Freifunk-Troisdorf/site
49418241,gmacario/easy-jenkins,https://api.github.com/repos/gmacario/easy-jenkins
7803137,lfilho/dotfiles,https://api.github.com/repos/lfilho/dotfiles
28053761,AdRoll/hologram,https://api.github.com/repos/AdRoll/hologram
14881281,scala/scala-swing,https://api.github.com/repos/scala/scala-swing
267009,glejeune/Ruby-Graphviz,https://api.github.com/repos/glejeune/Ruby-Graphviz
332545,GreenGroup/RMG-Py,https://api.github.com/repos/GreenGroup/RMG-Py
332545,ReactionMechanismGenerator/RMG-Py,https://api.github.com/repos/ReactionMechanismGenerator/RMG-Py
34674177,carrot/sprout-cli,https://api.github.com/repos/carrot/sprout-cli
6755841,sshwsfc/xadmin,https://api.github.com/repos/sshwsfc/xadmin
7411201,JohnCremona/eclib,https://api.github.com/repos/JohnCremona/eclib
33691393,perliedman/elevation-service,https://api.github.com/repos/perliedman/elevation-service
726785,revsys/django-tos,https://api.github.com/repos/revsys/django-tos
2889473,koraktor/steam-condenser-ruby,https://api.github.com/repos/koraktor/steam-condenser-ruby
40048385,PaulBatchelor/Sporth,https://api.github.com/repos/PaulBatchelor/Sporth
28579585,blakeembrey/free-style,https://api.github.com/repos/blakeembrey/free-style
13178625,oczkers/fut,https://api.github.com/repos/oczkers/fut
35002369,intrig-unicamp/mininet-wifi,https://api.github.com/repos/intrig-unicamp/mininet-wifi
36313089,Chicago/opengrid,https://api.github.com/repos/Chicago/opengrid
792833,Codeux-Software/Textual,https://api.github.com/repos/Codeux-Software/Textual
792833,Textual,https://github.com/Codeux/Textual
20191489,coldfrontlabs/coldfrontlabs-drupalsi,https://api.github.com/repos/coldfrontlabs/coldfrontlabs-drupalsi
28580097,Dbz/Algorithms,https://api.github.com/repos/Dbz/Algorithms
13703425,sbt/jacoco4sbt,https://api.github.com/repos/sbt/jacoco4sbt
32643329,BloomBooks/Squirrel.Windows,https://api.github.com/repos/BloomBooks/Squirrel.Windows
53615105,MovingImage24/mi-angular-bitdash-player,https://api.github.com/repos/MovingImage24/mi-angular-bitdash-player
13769217,adaptlearning/adapt-cli,https://api.github.com/repos/adaptlearning/adapt-cli
55319297,akserg/ng2-slim-loading-bar,https://api.github.com/repos/akserg/ng2-slim-loading-bar
51321857,learn-co-students/flatiron-store-project-v-000,https://api.github.com/repos/learn-co-students/flatiron-store-project-v-000
43850753,learn-co-students/ruby-object-initialize-lab-q-000,https://api.github.com/repos/learn-co-students/ruby-object-initialize-lab-q-000
40836353,ISISComputingGroup/EPICS-base,https://api.github.com/repos/ISISComputingGroup/EPICS-base
33037569,Level/community,https://api.github.com/repos/Level/community
7151105,OParl/spec,https://api.github.com/repos/OParl/spec
62988033,electrumpayments/service-interface-base,https://api.github.com/repos/electrumpayments/service-interface-base
28319745,jsix/go2o,https://api.github.com/repos/jsix/go2o
31137793,jackfirth/lens,https://api.github.com/repos/jackfirth/lens
1188097,couchlog,https://github.com/dimagi/couchlog
1450497,joecorcoran/judge,https://api.github.com/repos/joecorcoran/judge
1581825,django-fiber,https://github.com/ridethepony/django-fiber
1581825,ridethepony/django-fiber,https://api.github.com/repos/ridethepony/django-fiber
3941121,alexeypetrushin/synchronize,https://api.github.com/repos/alexeypetrushin/synchronize
14689025,Ensembl/ensembl-compara,https://api.github.com/repos/Ensembl/ensembl-compara
20718849,lateralblast/lunar,https://api.github.com/repos/lateralblast/lunar
4531457,Paradoxika/Skeptik,https://api.github.com/repos/Paradoxika/Skeptik
4531457,Skeptik,https://github.com/Paradoxika/Skeptik
8594689,jack-pappas/ExtCore,https://api.github.com/repos/jack-pappas/ExtCore
31204609,0x73/SwiftIconFont,https://api.github.com/repos/0x73/SwiftIconFont
206337,apache/log4net,https://api.github.com/repos/apache/log4net
23012865,ufal/perl-pmltq-server,https://api.github.com/repos/ufal/perl-pmltq-server
20915969,brantje/passman,https://api.github.com/repos/brantje/passman
10364673,xapi-project/ocaml-qmp,https://api.github.com/repos/xapi-project/ocaml-qmp
50210561,CodingZeal/eslint-config-zeal,https://api.github.com/repos/CodingZeal/eslint-config-zeal
27142145,vert-x3/vertx-codetrans,https://api.github.com/repos/vert-x3/vertx-codetrans
46999553,kmizu/macro_peg,https://api.github.com/repos/kmizu/macro_peg
34875905,profitbricks/profitbricks-sdk-java,https://api.github.com/repos/profitbricks/profitbricks-sdk-java
53946881,unias/docklet,https://api.github.com/repos/unias/docklet
43461121,learn-co-students/ttt-8-turn-q-000,https://api.github.com/repos/learn-co-students/ttt-8-turn-q-000
57223937,zalando-stups/log-sink,https://api.github.com/repos/zalando-stups/log-sink
65153793,rust-lang-nursery/compiler-builtins,https://api.github.com/repos/rust-lang-nursery/compiler-builtins
44969473,openspending/os-conductor,https://api.github.com/repos/openspending/os-conductor
60764161,oc-elements/oc-organisation-picker,https://api.github.com/repos/oc-elements/oc-organisation-picker
53817601,giguerch/CUFF,https://api.github.com/repos/giguerch/CUFF
49950977,rails/homepage,https://api.github.com/repos/rails/homepage
52113921,facebook/draft-js,https://api.github.com/repos/facebook/draft-js
23671297,planningcenter/react-patterns,https://api.github.com/repos/planningcenter/react-patterns
3486465,lua-cmsgpack,https://github.com/antirez/lua-cmsgpack
21508865,bpython/bpython,https://api.github.com/repos/bpython/bpython
72233729,jz-jess/RobotEyes,https://api.github.com/repos/jz-jess/RobotEyes
38941441,nteract/transformime,https://api.github.com/repos/nteract/transformime
7222017,OctoMap/octomap,https://api.github.com/repos/OctoMap/octomap
7418625,ros-drivers/openni_camera,https://api.github.com/repos/ros-drivers/openni_camera
43791105,dynamic/silverstripe-html5video,https://api.github.com/repos/dynamic/silverstripe-html5video
13513985,tankywoo/simiki,https://api.github.com/repos/tankywoo/simiki
31995137,kahwee/truncate-middle,https://api.github.com/repos/kahwee/truncate-middle
65942785,Microsoft/Build-omi,https://api.github.com/repos/Microsoft/Build-omi
30029825,ericniebler/meta,https://api.github.com/repos/ericniebler/meta
36583681,aleksandar-todorovic/awesome-c,https://api.github.com/repos/aleksandar-todorovic/awesome-c
25573633,bogdanovich/ngrok-tunnel,https://api.github.com/repos/bogdanovich/ngrok-tunnel
43989249,atomita/fluent-plugin-aws-elasticsearch-service,https://api.github.com/repos/atomita/fluent-plugin-aws-elasticsearch-service
932353,ArtAround/artaround-web,https://api.github.com/repos/ArtAround/artaround-web
7289345,ably/ably-php,https://api.github.com/repos/ably/ably-php
52902913,usgs/shakecast,https://api.github.com/repos/usgs/shakecast
40778753,davidtheclark/focus-trap-react,https://api.github.com/repos/davidtheclark/focus-trap-react
47725569,learn-co-students/ttt-4-display-board-rb-v-000,https://api.github.com/repos/learn-co-students/ttt-4-display-board-rb-v-000
15285505,sergeyt/meteor-typeahead,https://api.github.com/repos/sergeyt/meteor-typeahead
21904897,GPII/gpii-wix-installer,https://api.github.com/repos/GPII/gpii-wix-installer
30621185,Netflix-Skunkworks/go-jira,https://api.github.com/repos/Netflix-Skunkworks/go-jira
6701057,emicklei/go-restful,https://api.github.com/repos/emicklei/go-restful
5652737,sio2project/oioioi,https://api.github.com/repos/sio2project/oioioi
51528193,peruzzim/cmgtools-lite,https://api.github.com/repos/peruzzim/cmgtools-lite
55263745,WICG/feature-policy,https://api.github.com/repos/WICG/feature-policy
23216641,atilaneves/cmake-ide,https://api.github.com/repos/atilaneves/cmake-ide
21578497,mafintosh/duplexify,https://api.github.com/repos/mafintosh/duplexify
56181505,crmann1/azure-activedirectory-library-for-dotnet,https://api.github.com/repos/crmann1/azure-activedirectory-library-for-dotnet
279553,sbt/sbt,https://api.github.com/repos/sbt/sbt
20530177,intel-iot-devkit/upm,https://api.github.com/repos/intel-iot-devkit/upm
62473217,evilsoft/crocks,https://api.github.com/repos/evilsoft/crocks
6702593,apel/apel,https://api.github.com/repos/apel/apel
76301825,kensho/eslint-config-kensho,https://api.github.com/repos/kensho/eslint-config-kensho
1592065,trapd00r/LS_COLORS,https://api.github.com/repos/trapd00r/LS_COLORS
1592065,LS_COLORS,https://github.com/trapd00r/LS_COLORS
19418113,mgaitan/waliki,https://api.github.com/repos/mgaitan/waliki
3099649,httpful,https://github.com/nategood/httpful
3099649,nategood/httpful,https://api.github.com/repos/nategood/httpful
4738049,superdesk/Live-Blog,https://api.github.com/repos/superdesk/Live-Blog
38816769,urandu/msh,https://api.github.com/repos/urandu/msh
23481345,appcelerator/appc-platform-sdk,https://api.github.com/repos/appcelerator/appc-platform-sdk
38686465,simplabs/rails_api_auth,https://api.github.com/repos/simplabs/rails_api_auth
23023361,sockeqwe/fragmentargs,https://api.github.com/repos/sockeqwe/fragmentargs
12472065,ligershark/template-builder,https://api.github.com/repos/ligershark/template-builder
9720065,vlsi/ksar,https://api.github.com/repos/vlsi/ksar
14176513,INRIA/spoon,https://api.github.com/repos/INRIA/spoon
40325889,javaserverfaces/mojarra,https://api.github.com/repos/javaserverfaces/mojarra
24204033,svanderburg/node2nix,https://api.github.com/repos/svanderburg/node2nix
51139585,alphagov/verify-frontend,https://api.github.com/repos/alphagov/verify-frontend
6902785,marguerite/linux-bing-wallpaper,https://api.github.com/repos/marguerite/linux-bing-wallpaper
53368065,predix/spring-log-filter,https://api.github.com/repos/predix/spring-log-filter
23811329,wildart/Evolutionary.jl,https://api.github.com/repos/wildart/Evolutionary.jl
34035201,MultiCraftProject/MultiCraft,https://api.github.com/repos/MultiCraftProject/MultiCraft
1529601,HoTT/HoTT,https://api.github.com/repos/HoTT/HoTT
1529601,HoTT,https://github.com/HoTT/HoTT
41309953,willowtreeapps/swift-style-guide,https://api.github.com/repos/willowtreeapps/swift-style-guide
11163393,tractorcow/silverstripe-twitter,https://api.github.com/repos/tractorcow/silverstripe-twitter
35280897,sqlalchemy-redshift/sqlalchemy-redshift,https://api.github.com/repos/sqlalchemy-redshift/sqlalchemy-redshift
8280065,MindscapeHQ/raygun4js,https://api.github.com/repos/MindscapeHQ/raygun4js
8411137,Tribler/tribler,https://api.github.com/repos/Tribler/tribler
20929025,Microsoft/TypeScript,https://api.github.com/repos/Microsoft/TypeScript
39017473,pagerinc/hapi-raven,https://api.github.com/repos/pagerinc/hapi-raven
20995329,ldbc/ldbc_snb_docs,https://api.github.com/repos/ldbc/ldbc_snb_docs
47668481,degree9/boot-semver,https://api.github.com/repos/degree9/boot-semver
32398593,jacek-marchwicki/rx-java-extensions,https://api.github.com/repos/jacek-marchwicki/rx-java-extensions
13131265,matreshkajs/matreshka,https://api.github.com/repos/matreshkajs/matreshka
4415489,warden,https://github.com/cloudfoundry/warden
4415489,cloudfoundry/warden,https://api.github.com/repos/cloudfoundry/warden
25583617,basekit/docs.basekit.com,https://api.github.com/repos/basekit/docs.basekit.com
15425537,RubyMoney/monetize,https://api.github.com/repos/RubyMoney/monetize
8544769,hatone/wgclock,https://api.github.com/repos/hatone/wgclock
29319681,brendan-hofmann/ddf,https://api.github.com/repos/brendan-hofmann/ddf
16081409,nephila/djangocms-page-meta,https://api.github.com/repos/nephila/djangocms-page-meta
31089409,nomadsonrails/guia-do-trabalho-remoto,https://api.github.com/repos/nomadsonrails/guia-do-trabalho-remoto
31089409,pragmaticivan/guia-do-trabalho-remoto,https://api.github.com/repos/pragmaticivan/guia-do-trabalho-remoto
812033,gabebw/dotfiles,https://api.github.com/repos/gabebw/dotfiles
10380801,alphagov/calculators,https://api.github.com/repos/alphagov/calculators
50489089,NathanWalker/angular-seed-advanced,https://api.github.com/repos/NathanWalker/angular-seed-advanced
44984065,1and1/oneandone-cloudserver-sdk-go,https://api.github.com/repos/1and1/oneandone-cloudserver-sdk-go
28468993,NickCarneiro/curlconverter,https://api.github.com/repos/NickCarneiro/curlconverter
30631681,sensu-plugins/sensu-plugins-consul,https://api.github.com/repos/sensu-plugins/sensu-plugins-consul
40658945,SalGnt/cscs,https://api.github.com/repos/SalGnt/cscs
1927425,ananthakumaran/monky,https://api.github.com/repos/ananthakumaran/monky
61303041,1egoman/funnies,https://api.github.com/repos/1egoman/funnies
56257025,pinojs/hapi-pino,https://api.github.com/repos/pinojs/hapi-pino
52325121,Damnae/storybrew,https://api.github.com/repos/Damnae/storybrew
23948801,snowdream/awesome-android,https://api.github.com/repos/snowdream/awesome-android
21065473,bolshchikov/js-must-watch,https://api.github.com/repos/bolshchikov/js-must-watch
1077761,guyht/vimari,https://api.github.com/repos/guyht/vimari
38695425,learn-co-students/looping-for-001,https://api.github.com/repos/learn-co-students/looping-for-001
946945,globalizejs/globalize,https://api.github.com/repos/globalizejs/globalize
946945,globalize,https://github.com/jquery/globalize
946945,jquery/globalize,https://api.github.com/repos/jquery/globalize
23753473,KyleJamesWalker/yamlsettings,https://api.github.com/repos/KyleJamesWalker/yamlsettings
28079361,glassechidna/zxing-cpp,https://api.github.com/repos/glassechidna/zxing-cpp
7370241,RIOT-OS/RIOT,https://api.github.com/repos/RIOT-OS/RIOT
21133313,nessos/Streams,https://api.github.com/repos/nessos/Streams
4618753,tedious/Fetch,https://api.github.com/repos/tedious/Fetch
29588481,marmelab/restful.js,https://api.github.com/repos/marmelab/restful.js
16219137,links-lang/links,https://api.github.com/repos/links-lang/links
5143809,RetroPie-Setup,https://github.com/petrockblog/RetroPie-Setup
5143809,RetroPie/RetroPie-Setup,https://api.github.com/repos/RetroPie/RetroPie-Setup
34242817,w3c/uievents,https://api.github.com/repos/w3c/uievents
55410945,olmesm/makers_bnb,https://api.github.com/repos/olmesm/makers_bnb
28410113,bmya/odoo-argentina,https://api.github.com/repos/bmya/odoo-argentina
1999361,flaviosilveira/Jquery-Price-Format,https://api.github.com/repos/flaviosilveira/Jquery-Price-Format
5538817,hoaproject/Compiler,https://api.github.com/repos/hoaproject/Compiler
11240449,jrief/django-admin-sortable2,https://api.github.com/repos/jrief/django-admin-sortable2
65963009,CodeLanka/devfest_2016,https://api.github.com/repos/CodeLanka/devfest_2016
16614401,koreader/crengine,https://api.github.com/repos/koreader/crengine
48858369,tawan/active-elastic-job,https://api.github.com/repos/tawan/active-elastic-job
51152385,Kinto/kinto-http.js,https://api.github.com/repos/Kinto/kinto-http.js
6063617,wildabeast/BarcodeScanner,https://api.github.com/repos/wildabeast/BarcodeScanner
40011265,RetroShare/RetroShare,https://api.github.com/repos/RetroShare/RetroShare
12092929,fruux/sabre.io,https://api.github.com/repos/fruux/sabre.io
35555329,egi-qc/umd-verification,https://api.github.com/repos/egi-qc/umd-verification
19826689,alphagov/performanceplatform-collector,https://api.github.com/repos/alphagov/performanceplatform-collector
21989377,Nividica/ThaumicEnergistics,https://api.github.com/repos/Nividica/ThaumicEnergistics
43944193,apparatus/fuge-runner,https://api.github.com/repos/apparatus/fuge-runner
32999681,ben-eb/postcss-merge-rules,https://api.github.com/repos/ben-eb/postcss-merge-rules
33065217,doctrine/skeleton-mapper,https://api.github.com/repos/doctrine/skeleton-mapper
1673985,silverstripe-fulltextsearch,https://github.com/silverstripe-labs/silverstripe-fulltextsearch
1673985,silverstripe/silverstripe-fulltextsearch,https://api.github.com/repos/silverstripe/silverstripe-fulltextsearch
20089857,apache/hbase,https://api.github.com/repos/apache/hbase
3378433,dermesser/libsocket,https://api.github.com/repos/dermesser/libsocket
39685633,kernc/logkeys,https://api.github.com/repos/kernc/logkeys
5345537,sedici/DSpace,https://api.github.com/repos/sedici/DSpace
41390337,waffleio/hackshop,https://api.github.com/repos/waffleio/hackshop
32542977,GLolol/PyLink,https://api.github.com/repos/GLolol/PyLink
10654465,ImageEngine/cortex,https://api.github.com/repos/ImageEngine/cortex
168961,symbolize,https://github.com/nofxx/symbolize
29201409,gayanvirajith/gaya,https://api.github.com/repos/gayanvirajith/gaya
15766529,shama/webpack-stream,https://api.github.com/repos/shama/webpack-stream
18912513,Automattic/nginx-http-concat,https://api.github.com/repos/Automattic/nginx-http-concat
49648897,sifex/AAF-Website,https://api.github.com/repos/sifex/AAF-Website
13538817,juliangruber/balanced-match,https://api.github.com/repos/juliangruber/balanced-match
1611777,fiji/fiji,https://api.github.com/repos/fiji/fiji
1808641,zsh-users/zsh-history-substring-search,https://api.github.com/repos/zsh-users/zsh-history-substring-search
56596737,ghaiklor/telegram-bot-github,https://api.github.com/repos/ghaiklor/telegram-bot-github
41982209,alexkuz/react-dock,https://api.github.com/repos/alexkuz/react-dock
10263553,ejurgensen/forked-daapd,https://api.github.com/repos/ejurgensen/forked-daapd
564481,rbchan/unmarked,https://api.github.com/repos/rbchan/unmarked
32742657,cfpb/ckanext-cfpb-extrafields,https://api.github.com/repos/cfpb/ckanext-cfpb-extrafields
17210881,appserver-io/webserver,https://api.github.com/repos/appserver-io/webserver
26320385,oat-sa/tao-user-guide,https://api.github.com/repos/oat-sa/tao-user-guide
4038657,aziz/PlainTasks,https://api.github.com/repos/aziz/PlainTasks
4038657,PlainTasks,https://github.com/aziz/PlainTasks
56860673,devicetree-org/devicetree-specification,https://api.github.com/repos/devicetree-org/devicetree-specification
56926209,supercollider/scvim,https://api.github.com/repos/supercollider/scvim
7118849,osheroff/ar_mysql_flexmaster,https://api.github.com/repos/osheroff/ar_mysql_flexmaster
3187201,bugsnag/bugsnag-node,https://api.github.com/repos/bugsnag/bugsnag-node
55091713,opentable/otj-kafka,https://api.github.com/repos/opentable/otj-kafka
59286017,yast/yast-alternatives,https://api.github.com/repos/yast/yast-alternatives
19440641,belluccifranco/sic,https://api.github.com/repos/belluccifranco/sic
3449857,virtualstaticvoid/heroku-buildpack-r,https://api.github.com/repos/virtualstaticvoid/heroku-buildpack-r
3843585,akvo/akvo-flow,https://api.github.com/repos/akvo/akvo-flow
108289,opscode/ohai,https://api.github.com/repos/opscode/ohai
108289,ohai,https://github.com/opscode/ohai
108289,chef/ohai,https://api.github.com/repos/chef/ohai
4368129,yast/yast-isns,https://api.github.com/repos/yast/yast-isns
23242753,c-w/Gutenberg,https://api.github.com/repos/c-w/Gutenberg
20687105,Orange-OpenSource/bagpipe-bgp,https://api.github.com/repos/Orange-OpenSource/bagpipe-bgp
40282369,ipfans/echo-session,https://api.github.com/repos/ipfans/echo-session
3385857,MobiPerf,https://github.com/Mobiperf/MobiPerf
46377473,JamesGardiner/chwrapper,https://api.github.com/repos/JamesGardiner/chwrapper
46115585,it-projects-llc/access-addons,https://api.github.com/repos/it-projects-llc/access-addons
8957185,forge/roaster,https://api.github.com/repos/forge/roaster
64793857,inofix/common-playbooks,https://api.github.com/repos/inofix/common-playbooks
19967745,inolen/redream,https://api.github.com/repos/inolen/redream
20229889,TYPO3-Documentation/TYPO3CMS-Reference-FileAbstractionLayer,https://api.github.com/repos/TYPO3-Documentation/TYPO3CMS-Reference-FileAbstractionLayer
29404929,runicfox/DnD5e,https://api.github.com/repos/runicfox/DnD5e
9678849,empirical-org/Empirical-Core,https://api.github.com/repos/empirical-org/Empirical-Core
24752385,notebowl/laravel-framework,https://api.github.com/repos/notebowl/laravel-framework
18526721,code-mancers/rbkit,https://api.github.com/repos/code-mancers/rbkit
20361729,neuropoly/spinalcordtoolbox,https://api.github.com/repos/neuropoly/spinalcordtoolbox
62370305,NoelChew/NcUtils,https://api.github.com/repos/NoelChew/NcUtils
52278273,spatie/docs.spatie.be,https://api.github.com/repos/spatie/docs.spatie.be
5223425,rmurphey/js-assessment-answers,https://api.github.com/repos/rmurphey/js-assessment-answers
50443521,logstash-plugins/logstash-codec-nmap,https://api.github.com/repos/logstash-plugins/logstash-codec-nmap
3651073,BrowserRefresh-Sublime,https://github.com/gcollazo/BrowserRefresh-Sublime
10204929,fowlmouth/nake,https://api.github.com/repos/fowlmouth/nake
26982145,docker-library/haproxy,https://api.github.com/repos/docker-library/haproxy
12564225,InnovaLangues/self,https://api.github.com/repos/InnovaLangues/self
7256065,livingstyleguide/livingstyleguide,https://api.github.com/repos/livingstyleguide/livingstyleguide
37272065,lucidsoftware/cumulus,https://api.github.com/repos/lucidsoftware/cumulus
16366081,numenta/nupic.core,https://api.github.com/repos/numenta/nupic.core
34388993,frappe/paypal_integration,https://api.github.com/repos/frappe/paypal_integration
18725889,AtomLinter/linter-phpmd,https://api.github.com/repos/AtomLinter/linter-phpmd
70958081,jsonmc/jsonmc,https://api.github.com/repos/jsonmc/jsonmc
40287233,EC-CUBE/related-product-plugin,https://api.github.com/repos/EC-CUBE/related-product-plugin
61062145,FullstackAcademy/eslint-config-fullstack,https://api.github.com/repos/FullstackAcademy/eslint-config-fullstack
55622913,zendframework/zf3-web,https://api.github.com/repos/zendframework/zf3-web
40549633,sonyxperiadev/device-sony-tulip,https://api.github.com/repos/sonyxperiadev/device-sony-tulip
46120449,bbc/VideoContext,https://api.github.com/repos/bbc/VideoContext
48348673,jamovi/jamovi,https://api.github.com/repos/jamovi/jamovi
36880129,dpellier/oneMapToRuleThemAll,https://api.github.com/repos/dpellier/oneMapToRuleThemAll
21544705,mmottl/sqlite3-ocaml,https://api.github.com/repos/mmottl/sqlite3-ocaml
39829249,openregister/deployment,https://api.github.com/repos/openregister/deployment
75284225,yunify/qingstor-sdk-java,https://api.github.com/repos/yunify/qingstor-sdk-java
8699905,jrief/django-angular,https://api.github.com/repos/jrief/django-angular
1163521,jenkinsci/deploy-plugin,https://api.github.com/repos/jenkinsci/deploy-plugin
49135873,Adaptavist/base_puppet_templates,https://api.github.com/repos/Adaptavist/base_puppet_templates
1163777,swarm-plugin,https://github.com/jenkinsci/swarm-plugin
1163777,jenkinsci/swarm-plugin,https://api.github.com/repos/jenkinsci/swarm-plugin
6013697,hisamu/php-xbase,https://api.github.com/repos/hisamu/php-xbase
18072577,usgs/nshmp-haz,https://api.github.com/repos/usgs/nshmp-haz
3654657,SU-SWS/open_framework,https://api.github.com/repos/SU-SWS/open_framework
18400513,citusdata/cstore_fdw,https://api.github.com/repos/citusdata/cstore_fdw
1099265,cython,https://github.com/cython/cython
1099265,cython/cython,https://api.github.com/repos/cython/cython
40945409,giantray/stackoverflow-java-top-qa,https://api.github.com/repos/giantray/stackoverflow-java-top-qa
24692481,Trust-Code/l10n-brazil,https://api.github.com/repos/Trust-Code/l10n-brazil
50514177,tvheadend/dtv-scan-tables,https://api.github.com/repos/tvheadend/dtv-scan-tables
29346049,softdevteam/eco,https://api.github.com/repos/softdevteam/eco
3459585,gammu/gammu,https://api.github.com/repos/gammu/gammu
54970881,feedhenry/testing-cloud-app,https://api.github.com/repos/feedhenry/testing-cloud-app
40684033,mozilla/sops,https://api.github.com/repos/mozilla/sops
30001665,sinfo/sinfo-webapp,https://api.github.com/repos/sinfo/sinfo-webapp
61786881,iris-contrib/middleware,https://api.github.com/repos/iris-contrib/middleware
3394561,katalyst/koi,https://api.github.com/repos/katalyst/koi
7261185,rocketjob/rails_semantic_logger,https://api.github.com/repos/rocketjob/rails_semantic_logger
31968769,webguys-de/EasyTemplate,https://api.github.com/repos/webguys-de/EasyTemplate
24563457,ecomfe/fecs,https://api.github.com/repos/ecomfe/fecs
50450433,udacity/machine-learning,https://api.github.com/repos/udacity/machine-learning
58052865,wkh237/react-native-fetch-blob,https://api.github.com/repos/wkh237/react-native-fetch-blob
42324225,lyft/confidant,https://api.github.com/repos/lyft/confidant
3003137,python-greenlet/greenlet,https://api.github.com/repos/python-greenlet/greenlet
61461249,madskristensen/MarkdownEditor,https://api.github.com/repos/madskristensen/MarkdownEditor
33411841,SensitiveQuestions/list,https://api.github.com/repos/SensitiveQuestions/list
40358913,timonreinhard/wemo-client,https://api.github.com/repos/timonreinhard/wemo-client
27907073,visenze/visearch-sdk-php,https://api.github.com/repos/visenze/visearch-sdk-php
38589953,mike-north/ember-api-actions,https://api.github.com/repos/mike-north/ember-api-actions
44029441,LVPlayground/playground,https://api.github.com/repos/LVPlayground/playground
27383809,havyan/sudoku-game,https://api.github.com/repos/havyan/sudoku-game
3594497,scijava/scijava-common,https://api.github.com/repos/scijava/scijava-common
20633857,dylang/npm-check,https://api.github.com/repos/dylang/npm-check
16374529,atomia/puppet-atomia,https://api.github.com/repos/atomia/puppet-atomia
17161217,henriquebastos/python-decouple,https://api.github.com/repos/henriquebastos/python-decouple
515585,aruba,https://github.com/cucumber/aruba
515585,cucumber/aruba,https://api.github.com/repos/cucumber/aruba
60874241,Polymer/polymer-build,https://api.github.com/repos/Polymer/polymer-build
42131201,PowerShell/vscode-powershell,https://api.github.com/repos/PowerShell/vscode-powershell
12246785,wenzhixin/bootstrap-table,https://api.github.com/repos/wenzhixin/bootstrap-table
51044865,apsislabs/apsisio,https://api.github.com/repos/apsislabs/apsisio
18276865,roots/sage-translations,https://api.github.com/repos/roots/sage-translations
13361665,milafrerichs/milafrerichs.github.com,https://api.github.com/repos/milafrerichs/milafrerichs.github.com
20439809,DjangoGirls/djangogirls,https://api.github.com/repos/DjangoGirls/djangogirls
36758529,taskcluster/relengapi-proxy,https://api.github.com/repos/taskcluster/relengapi-proxy
44819457,FaridSafi/react-native-gifted-listview,https://api.github.com/repos/FaridSafi/react-native-gifted-listview
5825793,rburns/ansi-to-html,https://api.github.com/repos/rburns/ansi-to-html
73721089,learn-co-students/sinatra-mvc-file-structure-cb-000,https://api.github.com/repos/learn-co-students/sinatra-mvc-file-structure-cb-000
47703297,Theseus-Aegis/TheseusServices,https://api.github.com/repos/Theseus-Aegis/TheseusServices
31778305,blueboxgroup/ursula-monitoring,https://api.github.com/repos/blueboxgroup/ursula-monitoring
1501185,CreateJS/TweenJS,https://api.github.com/repos/CreateJS/TweenJS
47048705,ilich/vscode-coldfusion,https://api.github.com/repos/ilich/vscode-coldfusion
22604033,eggheadio/egghead-angularjs-from-scratch-getting-started,https://api.github.com/repos/eggheadio/egghead-angularjs-from-scratch-getting-started
15985153,CouscousPHP/Couscous,https://api.github.com/repos/CouscousPHP/Couscous
47246081,apache/brooklyn-server,https://api.github.com/repos/apache/brooklyn-server
67431681,falconry/falconry.github.io,https://api.github.com/repos/falconry/falconry.github.io
50851073,akihiroxob/Petari,https://api.github.com/repos/akihiroxob/Petari
22670849,minimum2scp/dockerfiles,https://api.github.com/repos/minimum2scp/dockerfiles
43707905,deis/prototype-repo,https://api.github.com/repos/deis/prototype-repo
34467585,Alua-Kinzhebayeva/iOS-PDF-Reader,https://api.github.com/repos/Alua-Kinzhebayeva/iOS-PDF-Reader
54128385,learn-co-students/angular-multi-slot-transclusion-lab-v-000,https://api.github.com/repos/learn-co-students/angular-multi-slot-transclusion-lab-v-000
47968001,open-numbers/ddf--gapminder--systema_globalis,https://api.github.com/repos/open-numbers/ddf--gapminder--systema_globalis
16576257,camptocamp/puppet-openldap,https://api.github.com/repos/camptocamp/puppet-openldap
52293633,SleepingOwlAdmin/docs,https://api.github.com/repos/SleepingOwlAdmin/docs
36696065,kiva/vertex,https://api.github.com/repos/kiva/vertex
7925761,edasque/DynamoDBtoCSV,https://api.github.com/repos/edasque/DynamoDBtoCSV
41808385,mapbox/spritezero-cli,https://api.github.com/repos/mapbox/spritezero-cli
38925313,ligi/SnackEngage,https://api.github.com/repos/ligi/SnackEngage
16119041,farsightsec/mtbl,https://api.github.com/repos/farsightsec/mtbl
41481729,taskrabbit/empujar,https://api.github.com/repos/taskrabbit/empujar
44824065,yuya373/emacs-slack,https://api.github.com/repos/yuya373/emacs-slack
21362433,puiterwijk/flask-oidc,https://api.github.com/repos/puiterwijk/flask-oidc
16119553,bcaffo/courses,https://api.github.com/repos/bcaffo/courses
36370433,BrythonServer/ggame,https://api.github.com/repos/BrythonServer/ggame
57014273,sloria/environs,https://api.github.com/repos/sloria/environs
14743553,owncloud/ios-library,https://api.github.com/repos/owncloud/ios-library
35911937,Learning-Fuze/practice-problems,https://api.github.com/repos/Learning-Fuze/practice-problems
2750721,ckan/ckan,https://api.github.com/repos/ckan/ckan
29948161,cesium/intra.seium.org,https://api.github.com/repos/cesium/intra.seium.org
68680193,hmrc/agent-client-relationships,https://api.github.com/repos/hmrc/agent-client-relationships
23525889,debops/ansible-postfix,https://api.github.com/repos/debops/ansible-postfix
42007297,payjp/payjp-python,https://api.github.com/repos/payjp/payjp-python
61537025,asset-pipe/asset-pipe-sink-s3,https://api.github.com/repos/asset-pipe/asset-pipe-sink-s3
38927361,julianghionoiu/tdl-client-ruby,https://api.github.com/repos/julianghionoiu/tdl-client-ruby
37092609,nirai-compiler/panda3d,https://api.github.com/repos/nirai-compiler/panda3d
72154625,FOGProject/fog-community-scripts,https://api.github.com/repos/FOGProject/fog-community-scripts
41418241,fesch/CanZE,https://api.github.com/repos/fesch/CanZE
33947393,vega/datalib,https://api.github.com/repos/vega/datalib
7143169,ihnorton/Clang.jl,https://api.github.com/repos/ihnorton/Clang.jl
2228226,openmicroscopy,https://github.com/openmicroscopy/openmicroscopy
2228226,openmicroscopy/openmicroscopy,https://api.github.com/repos/openmicroscopy/openmicroscopy
37879810,DirectProject/nhin-d,https://api.github.com/repos/DirectProject/nhin-d
43385346,linuxserver/docker-sickrage,https://api.github.com/repos/linuxserver/docker-sickrage
49087234,sahildua2305/hackIDE,https://api.github.com/repos/sahildua2305/hackIDE
3671042,Metro-UI-CSS,https://github.com/olton/Metro-UI-CSS
3671042,olton/Metro-UI-CSS,https://api.github.com/repos/olton/Metro-UI-CSS
55182338,static-dev/spike-records,https://api.github.com/repos/static-dev/spike-records
27460610,OULibraries/ou_layouts,https://api.github.com/repos/OULibraries/ou_layouts
29164546,indragiek/CocoaMarkdown,https://api.github.com/repos/indragiek/CocoaMarkdown
46138626,carrieforde/Alcatraz,https://api.github.com/repos/carrieforde/Alcatraz
12780802,voidberg/html5sortable,https://api.github.com/repos/voidberg/html5sortable
2622978,arquillian/arquillian-extension-persistence,https://api.github.com/repos/arquillian/arquillian-extension-persistence
44107266,natsheh/sensim,https://api.github.com/repos/natsheh/sensim
45942274,airbnb/enzyme,https://api.github.com/repos/airbnb/enzyme
50071042,sul-dlss/dor_indexing_app,https://api.github.com/repos/sul-dlss/dor_indexing_app
30476034,gianlucaborello/aws-ssh-config,https://api.github.com/repos/gianlucaborello/aws-ssh-config
24774658,boto/boto3,https://api.github.com/repos/boto/boto3
38668546,WeltN24/Carlos,https://api.github.com/repos/WeltN24/Carlos
45943554,meirwah/awesome-incident-response,https://api.github.com/repos/meirwah/awesome-incident-response
46533634,serviceseeking/serviceseeking-test,https://api.github.com/repos/serviceseeking/serviceseeking-test
30739458,Mygod/edgefans-archive,https://api.github.com/repos/Mygod/edgefans-archive
48958722,Vazkii/Psi,https://api.github.com/repos/Vazkii/Psi
37096962,waterlink/spec2.cr,https://api.github.com/repos/waterlink/spec2.cr
8588802,genome/pindel,https://api.github.com/repos/genome/pindel
8720130,spark/firmware,https://api.github.com/repos/spark/firmware
67244034,dart-lang/intl_translation,https://api.github.com/repos/dart-lang/intl_translation
1445890,AndrewRadev/splitjoin.vim,https://api.github.com/repos/AndrewRadev/splitjoin.vim
43847682,learn-co-students/instance-methods-lab-ruby-q-000,https://api.github.com/repos/learn-co-students/instance-methods-lab-ruby-q-000
46796802,learn-co-students/writing-migrations-v-000,https://api.github.com/repos/learn-co-students/writing-migrations-v-000
28512514,TypiCMS/Base,https://api.github.com/repos/TypiCMS/Base
12783874,evenup/evenup-graphite_reporter,https://api.github.com/repos/evenup/evenup-graphite_reporter
29692418,morrislab/phylowgs,https://api.github.com/repos/morrislab/phylowgs
19862530,adjust/marmalade_sdk,https://api.github.com/repos/adjust/marmalade_sdk
21500930,voxpupuli/puppet-graphite_powershell,https://api.github.com/repos/voxpupuli/puppet-graphite_powershell
44307714,lhcb/analysis-essentials,https://api.github.com/repos/lhcb/analysis-essentials
18814466,crits/crits,https://api.github.com/repos/crits/crits
37033474,rpmfusion-infra/mock-rpmfusion,https://api.github.com/repos/rpmfusion-infra/mock-rpmfusion
65672706,CodeYellowBV/django-binder,https://api.github.com/repos/CodeYellowBV/django-binder
41752578,UW-Madison-DoIT/KeyValueStore,https://api.github.com/repos/UW-Madison-DoIT/KeyValueStore
19208450,MWSimple/AdminCrudBundle,https://api.github.com/repos/MWSimple/AdminCrudBundle
22354434,GSA/asis,https://api.github.com/repos/GSA/asis
1383170,nodegit/nodegit,https://api.github.com/repos/nodegit/nodegit
72706,jgm/gitit,https://api.github.com/repos/jgm/gitit
72706,gitit,https://github.com/jgm/gitit
335106,makerbot/ReplicatorG,https://api.github.com/repos/makerbot/ReplicatorG
18423042,esnext/esnext,https://api.github.com/repos/esnext/esnext
39394562,arve0/markdown-it-attrs,https://api.github.com/repos/arve0/markdown-it-attrs
27204866,aptible/docker-kibana,https://api.github.com/repos/aptible/docker-kibana
21241602,decebals/pf4j-update,https://api.github.com/repos/decebals/pf4j-update
27860738,matz/streem,https://api.github.com/repos/matz/streem
52830210,taskcluster/taskcluster-lib-validate,https://api.github.com/repos/taskcluster/taskcluster-lib-validate
38478082,jstransformers/inputformat-to-jstransformer,https://api.github.com/repos/jstransformers/inputformat-to-jstransformer
28057858,samdark/yiifeed,https://api.github.com/repos/samdark/yiifeed
3416578,igvteam/igv,https://api.github.com/repos/igvteam/igv
46604802,pchen66/panolens.js,https://api.github.com/repos/pchen66/panolens.js
60171266,wuct/webpack-server-render-middleware,https://api.github.com/repos/wuct/webpack-server-render-middleware
30483458,deepblue-will/github-test,https://api.github.com/repos/deepblue-will/github-test
49751298,bokuweb/react-sortable-pane,https://api.github.com/repos/bokuweb/react-sortable-pane
35399170,deecay/redmine_pivot_table,https://api.github.com/repos/deecay/redmine_pivot_table
2106882,ForeverFamilyFoundaton/forever-family-foundation,https://api.github.com/repos/ForeverFamilyFoundaton/forever-family-foundation
1713922,ShadowCraft-Engine,https://github.com/dazer/ShadowCraft-Engine
33826818,tedivm/puppet-rsnapshot,https://api.github.com/repos/tedivm/puppet-rsnapshot
5974018,softcover/softcover,https://api.github.com/repos/softcover/softcover
13838338,mrackwitz/MRProgress,https://api.github.com/repos/mrackwitz/MRProgress
3942658,filamentgroup/shoestring,https://api.github.com/repos/filamentgroup/shoestring
28649730,westernmilling/gman_client,https://api.github.com/repos/westernmilling/gman_client
43461122,learn-co-students/ttt-7-valid-move-q-000,https://api.github.com/repos/learn-co-students/ttt-7-valid-move-q-000
16525826,bstewart/stm,https://api.github.com/repos/bstewart/stm
17378050,phildawes/racer,https://api.github.com/repos/phildawes/racer
70920962,PyFilesystem/pyfilesystem2,https://api.github.com/repos/PyFilesystem/pyfilesystem2
15215362,eucalyptus/eucalyptus-cookbook,https://api.github.com/repos/eucalyptus/eucalyptus-cookbook
21966082,o19s/splainer,https://api.github.com/repos/o19s/splainer
5123586,xwiki-contrib/wiki-editor-devtools,https://api.github.com/repos/xwiki-contrib/wiki-editor-devtools
22359554,kt3k/t10,https://api.github.com/repos/kt3k/t10
8400386,pyve/pyve.github.io,https://api.github.com/repos/pyve/pyve.github.io
43003394,ttusar/coco,https://api.github.com/repos/ttusar/coco
4337410,basiljs/basil.js,https://api.github.com/repos/basiljs/basil.js
18755842,VkOpt/VkOpt,https://api.github.com/repos/VkOpt/VkOpt
56832258,KSP-CKAN/xKAN-meta_testing,https://api.github.com/repos/KSP-CKAN/xKAN-meta_testing
66072834,WICG/media-capabilities,https://api.github.com/repos/WICG/media-capabilities
41366018,RenovoSolutions/TypeScript-Angular-Components,https://api.github.com/repos/RenovoSolutions/TypeScript-Angular-Components
31929346,googlesamples/android-UniversalMusicPlayer,https://api.github.com/repos/googlesamples/android-UniversalMusicPlayer
8336642,Huddle/Resemble.js,https://api.github.com/repos/Huddle/Resemble.js
49296642,sendgrid/open-source-library-data-collector,https://api.github.com/repos/sendgrid/open-source-library-data-collector
40056322,luminus-framework/conman,https://api.github.com/repos/luminus-framework/conman
36976386,slap-editor/editor-widget,https://api.github.com/repos/slap-editor/editor-widget
41629698,Qirky/FoxDot,https://api.github.com/repos/Qirky/FoxDot
34945282,eliotsykes/real-world-rails,https://api.github.com/repos/eliotsykes/real-world-rails
26949890,f2etw/f2etw.github.io,https://api.github.com/repos/f2etw/f2etw.github.io
17840642,freebsd/freebsd-ci,https://api.github.com/repos/freebsd/freebsd-ci
41696258,terraref/computing-pipeline,https://api.github.com/repos/terraref/computing-pipeline
33438978,polyml/polyml,https://api.github.com/repos/polyml/polyml
4341250,bazaarvoice/ostrich,https://api.github.com/repos/bazaarvoice/ostrich
33111554,m-labs/pythonparser,https://api.github.com/repos/m-labs/pythonparser
17383170,jhuckaby/webcamjs,https://api.github.com/repos/jhuckaby/webcamjs
23215874,oravirt/ansible-oracle,https://api.github.com/repos/oravirt/ansible-oracle
26362114,testobject/testobject-java-api,https://api.github.com/repos/testobject/testobject-java-api
17318402,noflo/noflo-finitedomain,https://api.github.com/repos/noflo/noflo-finitedomain
65815042,hmrc/mobile-token-proxy,https://api.github.com/repos/hmrc/mobile-token-proxy
2573058,zurb/foundation,https://api.github.com/repos/zurb/foundation
2573058,foundation,https://github.com/zurb/foundation
2573058,zurb/foundation-sites,https://api.github.com/repos/zurb/foundation-sites
51070210,laboshinl/loam_velodyne,https://api.github.com/repos/laboshinl/loam_velodyne
28722690,AsterNET/AsterNET,https://api.github.com/repos/AsterNET/AsterNET
5129986,mstarke/MacPass,https://api.github.com/repos/mstarke/MacPass
27543298,phalt/swapi,https://api.github.com/repos/phalt/swapi
15943682,nylas/sync-engine,https://api.github.com/repos/nylas/sync-engine
7883010,ygrek/ocurl,https://api.github.com/repos/ygrek/ocurl
15550722,mkorpela/pabot,https://api.github.com/repos/mkorpela/pabot
5917186,speps/go-hashids,https://api.github.com/repos/speps/go-hashids
43207170,jordanbyron/react-native-quick-actions,https://api.github.com/repos/jordanbyron/react-native-quick-actions
16009986,julien-truffaut/Monocle,https://api.github.com/repos/julien-truffaut/Monocle
29445122,skyline75489/what-happens-when-zh_CN,https://api.github.com/repos/skyline75489/what-happens-when-zh_CN
29248770,Byhiras/pyavroc,https://api.github.com/repos/Byhiras/pyavroc
31673858,h2non/imaginary,https://api.github.com/repos/h2non/imaginary
36982530,nhoHQ/SSMIX2_support_documents,https://api.github.com/repos/nhoHQ/SSMIX2_support_documents
30035970,rhinstaller/lorax,https://api.github.com/repos/rhinstaller/lorax
53694722,ember-cli/ember-try-config,https://api.github.com/repos/ember-cli/ember-try-config
6705410,swift-nav/peregrine,https://api.github.com/repos/swift-nav/peregrine
59527426,cattaka/AdapterToolbox,https://api.github.com/repos/cattaka/AdapterToolbox
61296898,apihlaja/lazy-debug,https://api.github.com/repos/apihlaja/lazy-debug
24465922,autopkg/homebysix-recipes,https://api.github.com/repos/autopkg/homebysix-recipes
48058882,s-will/LocARNA,https://api.github.com/repos/s-will/LocARNA
58741506,JuliaGPU/CUDAnative.jl,https://api.github.com/repos/JuliaGPU/CUDAnative.jl
53236738,silverstripeltd/frisp,https://api.github.com/repos/silverstripeltd/frisp
39605250,CSharles/dark-moonside,https://api.github.com/repos/CSharles/dark-moonside
31675394,bigdatagenomics/mango,https://api.github.com/repos/bigdatagenomics/mango
40392194,html-next/ember-gestures,https://api.github.com/repos/html-next/ember-gestures
20207362,gliderlabs/docker-consul,https://api.github.com/repos/gliderlabs/docker-consul
39868162,rucs-uoft/rucs-uoft.github.io,https://api.github.com/repos/rucs-uoft/rucs-uoft.github.io
30889730,marcelorodrigo/rendafixa,https://api.github.com/repos/marcelorodrigo/rendafixa
940290,kumaryu/peercaststation,https://api.github.com/repos/kumaryu/peercaststation
25123074,daringer/asus-fan,https://api.github.com/repos/daringer/asus-fan
43997442,alldigitalrewards/api,https://api.github.com/repos/alldigitalrewards/api
44849666,rollup/rollup-pluginutils,https://api.github.com/repos/rollup/rollup-pluginutils
9919234,dwaynemac/attendance,https://api.github.com/repos/dwaynemac/attendance
30300930,Financial-Times/next-opt-in-out,https://api.github.com/repos/Financial-Times/next-opt-in-out
220418,ThinkUpLLC/ThinkUp,https://api.github.com/repos/ThinkUpLLC/ThinkUp
220418,ginatrapani/ThinkUp,https://api.github.com/repos/ginatrapani/ThinkUp
220418,ThinkUp,https://github.com/ginatrapani/ThinkUp
6774018,fpco/stackage,https://api.github.com/repos/fpco/stackage
6774018,stackage,https://github.com/fpco/stackage
8019458,zendesk/ember-resource,https://api.github.com/repos/zendesk/ember-resource
1007362,twitter/finagle,https://api.github.com/repos/twitter/finagle
1007362,finagle,https://github.com/twitter/finagle
41574402,vmware/nsxraml,https://api.github.com/repos/vmware/nsxraml
42098946,lucid-architecture/laravel,https://api.github.com/repos/lucid-architecture/laravel
2843394,KitchenSink,https://github.com/NerdNu/KitchenSink
58549250,nunucheong/AuctionSystem,https://api.github.com/repos/nunucheong/AuctionSystem
26174466,QoboLtd/project-template-wordpress,https://api.github.com/repos/QoboLtd/project-template-wordpress
61105154,grid5000/reference-repository,https://api.github.com/repos/grid5000/reference-repository
16016386,stormpath/stormpath-sdk-node,https://api.github.com/repos/stormpath/stormpath-sdk-node
18375938,Bacon2D/Bacon2D,https://api.github.com/repos/Bacon2D/Bacon2D
54813954,UnitexGramLab/gramlab-ide,https://api.github.com/repos/UnitexGramLab/gramlab-ide
69887490,canjs/can-define-stream,https://api.github.com/repos/canjs/can-define-stream
9004802,phpspec/prophecy,https://api.github.com/repos/phpspec/prophecy
69691394,kragniz/python-etcd3,https://api.github.com/repos/kragniz/python-etcd3
3565570,Helabs/pah,https://api.github.com/repos/Helabs/pah
17721602,kbarbary/sep,https://api.github.com/repos/kbarbary/sep
9398530,alphagov/trade-tariff-admin,https://api.github.com/repos/alphagov/trade-tariff-admin
10381570,huerlisi/has_accounts_engine,https://api.github.com/repos/huerlisi/has_accounts_engine
2910722,taiyun/corrplot,https://api.github.com/repos/taiyun/corrplot
56519170,xamarin/Xamarin.MacDev,https://api.github.com/repos/xamarin/Xamarin.MacDev
53766914,homepark/lkups,https://api.github.com/repos/homepark/lkups
33779458,TravelMapping/Web,https://api.github.com/repos/TravelMapping/Web
5533442,omnibus_updater,https://github.com/hw-cookbooks/omnibus_updater
41316098,mglaman/platform-docker,https://api.github.com/repos/mglaman/platform-docker
46624514,FormidableLabs/spectacle-boilerplate,https://api.github.com/repos/FormidableLabs/spectacle-boilerplate
15691522,iNZightVIT/iNZight,https://api.github.com/repos/iNZightVIT/iNZight
1864194,frappe/frappe,https://api.github.com/repos/frappe/frappe
35156994,RamblingCookieMonster/RabbitMQTools,https://api.github.com/repos/RamblingCookieMonster/RabbitMQTools
3830786,sonata-project/SonataNotificationBundle,https://api.github.com/repos/sonata-project/SonataNotificationBundle
3830786,SonataNotificationBundle,https://github.com/sonata-project/SonataNotificationBundle
8090626,sarfata/pi-blaster,https://api.github.com/repos/sarfata/pi-blaster
21525762,zynaddsubfx/zynaddsubfx,https://api.github.com/repos/zynaddsubfx/zynaddsubfx
39023874,turingschool/electives,https://api.github.com/repos/turingschool/electives
55015170,klen/marshmallow-peewee,https://api.github.com/repos/klen/marshmallow-peewee
27752450,geniee-ssp/Geniee-Android-SDK,https://api.github.com/repos/geniee-ssp/Geniee-Android-SDK
30963714,magneticio/vamp.io,https://api.github.com/repos/magneticio/vamp.io
35223810,fastlane/examples,https://api.github.com/repos/fastlane/examples
39155970,martijn00/XamarinMediaManager,https://api.github.com/repos/martijn00/XamarinMediaManager
27949314,cferdinandi/petfinderAPI4everybody,https://api.github.com/repos/cferdinandi/petfinderAPI4everybody
29456642,talentedunicorn/orange,https://api.github.com/repos/talentedunicorn/orange
16677122,xaque208/puppet-nsd,https://api.github.com/repos/xaque208/puppet-nsd
11696642,libass/libass,https://api.github.com/repos/libass/libass
17464066,gouf/pplog-queue,https://api.github.com/repos/gouf/pplog-queue
37714690,YouCanBookMe/react-datetime,https://api.github.com/repos/YouCanBookMe/react-datetime
18513154,tmalsburg/helm-bibtex,https://api.github.com/repos/tmalsburg/helm-bibtex
41123074,melt-umn/silver,https://api.github.com/repos/melt-umn/silver
35290882,javierbrk/reconocedordebilletes,https://api.github.com/repos/javierbrk/reconocedordebilletes
24018946,flosell/lambdacd,https://api.github.com/repos/flosell/lambdacd
24609026,GLEON/GLMr,https://api.github.com/repos/GLEON/GLMr
2195970,luxflux/puppet-openvpn,https://api.github.com/repos/luxflux/puppet-openvpn
56852994,c3nav/c3nav,https://api.github.com/repos/c3nav/c3nav
32866818,LeoThorsell/th0bot,https://api.github.com/repos/LeoThorsell/th0bot
33981186,xenserver/xe-guest-utilities,https://api.github.com/repos/xenserver/xe-guest-utilities
45646594,TheMuppets/proprietary_vendor_zuk,https://api.github.com/repos/TheMuppets/proprietary_vendor_zuk
30049026,p4lang/p4c-behavioral,https://api.github.com/repos/p4lang/p4c-behavioral
5538818,hoaproject/Console,https://api.github.com/repos/hoaproject/Console
6980866,libretro/QuickNES_Core,https://api.github.com/repos/libretro/QuickNES_Core
39225090,lansingcodes/lubot,https://api.github.com/repos/lansingcodes/lubot
29263618,IoraHealth/ember-icis-auth,https://api.github.com/repos/IoraHealth/ember-icis-auth
62818050,conda-forge/botocore-feedstock,https://api.github.com/repos/conda-forge/botocore-feedstock
17205250,wso2/balana,https://api.github.com/repos/wso2/balana
6195458,mulesoft/hdfs-connector,https://api.github.com/repos/mulesoft/hdfs-connector
43550978,graphaware/neo4j-php-client,https://api.github.com/repos/graphaware/neo4j-php-client
1018370,Star2Billing/a2billing,https://api.github.com/repos/Star2Billing/a2billing
